日期,收盘,开盘,高,低,交易量,涨跌幅
2017/1/3,29.49,29.1,29.74,29.04,7.13M,1.10%
2017/1/4,29.86,29.58,30.03,29.49,7.43M,1.26%
2017/1/5,29.86,29.83,29.98,29.72,7.63M,0.02%
2017/1/6,29.48,29.83,29.96,29.41,6.54M,-1.29%
2017/1/9,29.21,29.43,29.51,28.97,11.16M,-0.91%
2017/1/10,29.51,29.2,29.55,29.1,5.08M,1.03%
2017/1/11,29.02,29.53,29.53,28.97,8.19M,-1.67%
2017/1/12,29.01,29.01,29.25,28.88,5.52M,-0.02%
2017/1/13,29.27,29.01,29.28,28.94,8.39M,0.88%
2017/1/16,29.8,29.17,29.87,28.97,22.03M,1.80%
2017/1/17,29.67,29.61,29.78,29.53,5.32M,-0.41%
2017/1/18,29.82,29.73,29.85,29.67,4.99M,0.50%
2017/1/19,30.1,29.81,30.13,29.74,6.17M,0.95%
2017/1/20,30.13,30.1,30.23,30.01,4.61M,0.09%
2017/1/23,30.52,30.13,30.56,30.01,5.78M,1.30%
2017/1/24,30.03,30.56,30.6,29.94,10.57M,-1.62%
2017/1/25,30.63,30.06,31.19,30,8.42M,2.00%
2017/1/26,30.66,30.7,31.09,30.6,5.38M,0.10%
2017/2/3,31.34,30.71,31.44,30.59,5.97M,2.22%
2017/2/6,30.95,31.28,32.15,30.77,12.33M,-1.25%
2017/2/7,30.74,30.9,30.9,30.65,5.61M,-0.68%
2017/2/8,30.94,30.85,31.05,30.76,5.50M,0.65%
2017/2/9,30.86,31.01,31.32,30.74,9.47M,-0.23%
2017/2/10,30.65,30.88,30.92,30.5,7.91M,-0.71%
2017/2/13,30.7,30.68,30.83,30.4,5.97M,0.17%
2017/2/14,30.97,30.7,31.13,30.61,6.15M,0.88%
2017/2/15,30.69,30.9,31.07,30.59,4.32M,-0.91%
2017/2/16,31.67,30.7,31.89,30.7,9.15M,3.22%
2017/2/17,31.46,31.67,31.72,31.35,4.50M,-0.67%
2017/2/20,31.89,31.49,32.17,31.31,8.26M,1.34%
2017/2/21,31.95,31.99,32.5,31.74,7.27M,0.22%
2017/2/22,32.03,32.06,32.18,31.74,5.02M,0.22%
2017/2/23,32.26,31.9,32.31,31.81,8.48M,0.74%
2017/2/24,32.92,32.33,33.01,32.31,12.15M,2.05%
2017/2/27,32.57,32.88,32.88,32.34,8.33M,-1.07%
2017/2/28,32.3,32.57,32.74,32.12,6.39M,-0.83%
2017/3/1,26.62,26.89,27.05,26.59,13.38M,-17.58%
2017/3/2,26.5,26.64,26.9,26.42,10.24M,-0.48%
2017/3/3,26.6,26.5,26.63,26.46,5.33M,0.40%
2017/3/6,26.82,26.62,27,26.52,8.24M,0.80%
2017/3/7,27.32,26.9,27.37,26.87,11.93M,1.89%
2017/3/8,27.45,27.19,27.5,27.16,6.39M,0.45%
2017/3/9,27.33,27.61,27.61,27.24,6.41M,-0.43%
2017/3/10,27.39,27.33,27.6,27.28,9.60M,0.23%
2017/3/13,27.11,27.08,27.3,26.87,22.76M,-1.01%
2017/3/14,27.18,27.14,27.22,26.82,14.20M,0.26%
2017/3/15,27.91,27.12,27.93,27.05,13.62M,2.65%
2017/3/16,27.68,27.85,28.03,27.51,13.00M,-0.82%
2017/3/17,27.76,27.7,27.86,27.51,8.32M,0.29%
2017/3/20,28,27.69,28.31,27.53,11.36M,0.87%
2017/3/21,28.57,27.91,28.62,27.89,11.48M,2.04%
2017/3/22,28.67,28.58,28.79,28.37,8.11M,0.34%
2017/3/23,28.65,28.78,29.03,28.31,12.60M,-0.04%
2017/3/24,28.57,28.69,28.95,28.5,11.71M,-0.30%
2017/3/27,28.74,28.51,29.22,28.37,11.03M,0.60%
2017/3/28,28.76,28.67,29.03,28.58,7.39M,0.08%
2017/3/29,28.5,28.76,28.93,28.38,7.32M,-0.91%
2017/3/30,28.44,28.58,28.73,28.11,10.08M,-0.21%
2017/3/31,29.02,28.4,29.03,28.33,8.67M,2.05%
2017/4/5,29.11,28.96,29.37,28.78,11.16M,0.30%
2017/4/6,29.23,29.27,29.38,29.05,8.19M,0.42%
2017/4/7,29.29,29.26,29.43,29.22,7.92M,0.20%
2017/4/10,28.79,29.41,29.41,28.49,13.31M,-1.70%
2017/4/11,28.25,28.75,28.75,27.98,19.63M,-1.88%
2017/4/12,28.5,28.2,28.69,28.15,10.35M,0.89%
2017/4/13,28.93,28.51,28.95,28.36,6.74M,1.50%
2017/4/14,28.85,28.93,28.94,28.67,3.69M,-0.30%
2017/4/17,28.94,28.73,28.95,28.57,6.22M,0.33%
2017/4/18,29.36,28.85,29.63,28.85,11.73M,1.44%
2017/4/19,29.36,29.43,29.43,28.98,12.82M,0.02%
2017/4/20,29.8,29.37,29.95,29.24,15.39M,1.47%
2017/4/21,30.06,29.64,30.08,29.58,11.69M,0.90%
2017/4/24,30.23,29.96,30.27,29.09,12.56M,0.55%
2017/4/25,30.12,29.98,30.45,29.94,10.08M,-0.35%
2017/4/26,29.69,30.11,30.48,29.54,13.96M,-1.44%
2017/4/27,29.23,29.65,29.66,29.01,25.37M,-1.57%
2017/4/28,28.65,29.22,29.38,28.3,33.86M,-1.97%
2017/5/2,28.39,28.65,28.65,28.23,15.44M,-0.91%
2017/5/3,28.69,28.41,28.94,28.41,14.79M,1.07%
2017/5/4,29.06,28.78,29.09,28.53,16.11M,1.27%
2017/5/5,29.19,29.07,29.22,28.85,16.48M,0.46%
2017/5/8,29.23,29.17,29.32,28.94,18.51M,0.15%
2017/5/9,29.05,29.19,29.19,28.54,17.51M,-0.62%
2017/5/10,29.57,29.11,30.08,28.9,15.74M,1.80%
2017/5/11,29.87,29.53,30,29.4,14.58M,1.01%
2017/5/12,29.89,29.86,30.14,29.81,8.83M,0.07%
2017/5/15,30.18,29.97,30.29,29.73,11.10M,0.97%
2017/5/16,30.89,30.05,31,30.03,12.70M,2.34%
2017/5/17,30.68,30.87,31.25,30.47,9.96M,-0.66%
2017/5/18,31.43,30.61,31.48,30.52,12.71M,2.42%
2017/5/19,31.37,31.41,31.57,31.04,8.63M,-0.17%
2017/5/22,31.69,31.37,31.95,31.28,10.85M,1.00%
2017/5/23,32.16,31.67,32.21,31.44,12.28M,1.48%
2017/5/24,32.11,32.17,32.26,31.53,12.62M,-0.15%
2017/5/25,31.3,31.95,32.21,31.29,11.23M,-2.51%
2017/5/26,31.46,31.3,31.51,30.99,10.72M,0.50%
2017/5/31,31.92,31.43,32.02,31.31,12.81M,1.46%
2017/6/1,32.54,31.85,32.55,31.64,11.25M,1.95%
2017/6/2,32.1,32.31,32.47,31.74,12.84M,-1.34%
2017/6/5,31.26,31.97,32.05,31.14,18.06M,-2.61%
2017/6/6,31.72,31.22,31.73,31.07,11.64M,1.47%
2017/6/7,32.27,31.7,32.29,31.69,12.16M,1.72%
2017/6/8,32.86,32.29,33.04,32.24,13.78M,1.83%
2017/6/9,32.78,32.92,33.2,32.53,11.36M,-0.23%
2017/6/12,32.84,32.79,33.2,32.56,12.53M,0.18%
2017/6/13,32.56,32.85,32.91,32.31,11.28M,-0.84%
2017/6/14,32.58,32.56,32.67,32.25,9.54M,0.04%
2017/6/15,32.38,32.58,32.58,31.98,12.85M,-0.59%
2017/6/16,32.92,32.24,33.19,32.23,27.18M,1.66%
2017/6/19,32.22,32.69,32.85,32.15,17.20M,-2.12%
2017/6/20,31.6,32.24,32.34,31.44,21.17M,-1.93%
2017/6/21,32.04,31.73,32.06,31.33,27.70M,1.40%
2017/6/22,31.74,31.99,32.31,31.68,19.91M,-0.96%
2017/6/23,32.13,31.73,32.33,31.67,14.50M,1.25%
2017/6/26,32.75,32.27,32.83,32.11,19.24M,1.91%
2017/6/27,32.76,32.76,32.92,32.46,11.67M,0.02%
2017/6/28,32.12,32.58,32.67,32.05,11.04M,-1.96%
2017/6/29,32.45,32.06,32.62,32.05,11.03M,1.04%
2017/6/30,32.43,32.42,32.56,32.12,7.76M,-0.06%
2017/7/3,32.1,32.53,32.69,32.05,11.95M,-1.01%
2017/7/4,31.53,31.99,32.05,31.41,15.79M,-1.79%
2017/7/5,31.89,31.49,31.91,31.43,7.05M,1.16%
2017/7/6,31.58,31.89,31.9,31.47,9.99M,-0.97%
2017/7/7,31.3,31.54,31.54,31.22,10.48M,-0.91%
2017/7/10,31.61,31.24,31.77,31.03,10.70M,1.02%
2017/7/11,31.74,31.62,31.85,31.55,7.49M,0.41%
2017/7/12,31.45,31.89,31.92,31.35,7.41M,-0.91%
2017/7/13,31.47,31.48,31.78,31.38,8.51M,0.06%
2017/7/14,31.22,31.41,31.41,31.15,9.24M,-0.79%
2017/7/17,31.44,31.22,31.72,31.04,11.42M,0.68%
2017/7/18,32.13,31.49,32.15,31.42,19.40M,2.22%
2017/7/19,32.38,32.19,32.66,32.09,11.76M,0.76%
2017/7/20,32.29,32.23,32.65,32.05,11.42M,-0.28%
2017/7/21,31.99,32.31,32.42,31.95,12.77M,-0.91%
2017/7/24,32.09,32,32.29,31.95,6.28M,0.30%
2017/7/25,32.13,32.05,32.43,32.04,7.17M,0.12%
2017/7/26,32.2,32.17,32.31,31.99,7.69M,0.22%
2017/7/27,32.35,32.21,32.37,31.95,7.13M,0.48%
2017/7/28,32.62,32.44,32.91,32.37,12.77M,0.83%
2017/7/31,32.82,32.87,32.87,32.54,10.68M,0.61%
2017/8/1,32.88,32.81,32.92,32.6,7.55M,0.19%
2017/8/2,32.21,32.78,32.88,32.1,10.43M,-2.07%
2017/8/3,32.12,32.15,32.37,32.04,8.72M,-0.26%
2017/8/4,32.13,32.1,32.34,32.04,6.80M,0.04%
2017/8/7,32.51,32.12,32.59,31.91,7.22M,1.18%
2017/8/8,32.53,32.6,32.78,32.44,9.64M,0.04%
2017/8/9,33.94,32.53,34.42,32.46,22.10M,4.33%
2017/8/10,33.71,33.76,34.17,33.47,9.43M,-0.66%
2017/8/11,34.06,33.64,34.16,33.54,13.55M,1.04%
2017/8/14,35.22,34.07,35.37,34.07,18.62M,3.41%
2017/8/15,34.96,35.26,35.36,34.73,9.67M,-0.74%
2017/8/16,34.66,34.96,35.33,34.55,7.76M,-0.86%
2017/8/17,34.35,34.62,34.62,34.19,8.14M,-0.89%
2017/8/18,34.43,34.25,34.61,34.23,6.14M,0.22%
2017/8/21,35.13,34.44,35.24,34.44,11.03M,2.03%
2017/8/22,34.76,35.07,35.15,34.66,5.70M,-1.04%
2017/8/23,35,34.67,35.33,34.62,5.99M,0.68%
2017/8/24,35.12,35.01,35.17,34.87,6.47M,0.35%
2017/8/25,35.06,35.2,35.67,35,12.26M,-0.18%
2017/8/28,34.63,34.97,35.35,34.36,16.35M,-1.23%
2017/8/29,34.62,34.74,34.83,34.36,9.33M,-0.04%
2017/8/30,34.66,34.72,34.86,34.49,8.23M,0.13%
2017/8/31,34.71,34.47,34.74,34.34,10.12M,0.13%
2017/9/1,35.69,34.78,35.8,34.78,19.87M,2.84%
2017/9/4,37.44,35.72,37.92,35.69,23.11M,4.90%
2017/9/5,37.32,37.26,37.56,37.02,10.93M,-0.32%
2017/9/6,36.9,37.19,37.31,36.66,10.76M,-1.14%
2017/9/7,37.42,36.86,38.1,36.59,10.46M,1.41%
2017/9/8,38.1,37.53,38.45,37.22,11.79M,1.81%
2017/9/11,37.45,38.08,38.08,37.31,10.39M,-1.70%
2017/9/12,37.36,37.4,37.44,36.73,11.16M,-0.24%
2017/9/13,37.46,37.21,37.63,36.99,8.28M,0.26%
2017/9/14,37.02,37.38,38,36.99,8.94M,-1.16%
2017/9/15,37.33,36.91,37.36,36.86,6.46M,0.83%
2017/9/18,37.56,37.44,37.92,37.35,6.71M,0.63%
2017/9/19,37.67,37.56,37.81,37.44,5.41M,0.29%
2017/9/20,37.74,37.67,37.92,37.63,4.22M,0.19%
2017/9/21,37.33,37.79,37.81,37.19,7.33M,-1.09%
2017/9/22,37.27,37.18,37.53,37.13,5.02M,-0.17%
2017/9/25,37.26,37.34,37.5,36.94,8.64M,-0.03%
2017/9/26,37.23,37.14,37.44,37.04,6.04M,-0.07%
2017/9/27,37.46,37.69,37.81,37.28,8.25M,0.62%
2017/9/28,38.51,37.49,38.54,37.46,14.66M,2.81%
2017/9/29,38.42,38.75,39.08,38.33,10.14M,-0.25%
2017/10/9,39.71,38.97,40.9,38.85,18.91M,3.37%
2017/10/10,39.05,39.68,40.37,38.35,22.26M,-1.66%
2017/10/11,39.99,39.17,40.31,39.17,17.86M,2.41%
2017/10/12,40.34,40.03,40.8,40.03,11.28M,0.87%
2017/10/13,40.33,40.37,40.45,39.81,8.02M,-0.03%
2017/10/16,40.38,40.31,40.99,40.03,9.80M,0.14%
2017/10/17,40.9,40.42,40.94,40.17,12.12M,1.29%
2017/10/18,40.79,40.94,40.99,40.58,9.21M,-0.28%
2017/10/19,41.94,40.76,41.99,40.71,16.18M,2.83%
2017/10/20,41.65,41.91,41.91,41.28,9.35M,-0.69%
2017/10/23,41.74,41.67,42.19,41.38,9.17M,0.20%
2017/10/24,41.57,41.69,42.02,41.54,8.70M,-0.40%
2017/10/25,42.83,41.57,43.04,41.42,12.00M,3.02%
2017/10/26,42.48,41.94,43.39,41.94,19.80M,-0.81%
2017/10/27,42.23,42.53,42.53,41.87,16.26M,-0.59%
2017/10/30,41.67,42.23,42.49,41.54,16.47M,-1.32%
2017/10/31,43.1,41.59,43.33,41.54,18.38M,3.41%
2017/11/1,43.92,43.33,44.05,42.88,16.70M,1.91%
2017/11/2,44.28,43.96,45.15,43.59,17.95M,0.82%
2017/11/3,46.12,44.49,47.04,44.36,22.82M,4.17%
2017/11/6,48.53,46.15,48.94,45.58,30.08M,5.21%
2017/11/7,46.35,48.46,49.31,46.09,60.38M,-4.49%
2017/11/8,45.17,45.97,46.06,44.92,49.87M,-2.53%
2017/11/9,45.5,44.87,45.58,44.29,45.60M,0.72%
2017/11/10,45.85,45.51,46.03,44.5,40.45M,0.76%
2017/11/13,44.51,45.71,45.71,44.37,41.04M,-2.91%
2017/11/14,42.99,44.55,45.05,42.9,44.38M,-3.41%
2017/11/15,43.65,42.88,43.78,42.4,41.52M,1.54%
2017/11/16,44.79,43.59,44.97,43.06,33.68M,2.60%
2017/11/17,43.41,44.62,45.12,43.27,27.50M,-3.08%
2017/11/20,44.18,42.66,44.26,41.42,34.85M,1.77%
2017/11/21,44.37,43.77,44.67,43.72,28.05M,0.42%
2017/11/22,44.08,44.87,45.51,43.46,35.14M,-0.64%
2017/11/23,41.61,43.62,43.81,41.54,37.59M,-5.61%
2017/11/24,41.82,40.9,42.44,40.9,26.47M,0.51%
2017/11/27,41.17,41.67,42.31,40.71,18.81M,-1.55%
2017/11/28,42.47,41.42,42.49,41.28,20.59M,3.15%
2017/11/29,41.86,42.72,43.22,41.54,17.07M,-1.43%
2017/11/30,41.79,41.87,42.44,41.35,10.87M,-0.17%
2017/12/1,42.37,42.19,42.73,41.8,12.16M,1.38%
2017/12/4,43.21,42,43.55,41.71,16.48M,2.00%
2017/12/5,42.56,43.18,43.39,42.31,11.84M,-1.50%
2017/12/6,41.91,42.56,43.07,41.37,15.81M,-1.54%
2017/12/7,41.32,41.86,42.1,41.17,11.63M,-1.41%
2017/12/8,41.94,41.24,42.15,41.21,17.83M,1.50%
2017/12/11,44.5,42.78,44.54,42.5,38.02M,6.10%
2017/12/12,44.09,44.69,44.99,44.04,21.59M,-0.92%
2017/12/13,44.53,44.44,44.8,43.72,17.97M,0.99%
2017/12/14,44.64,44.81,45.03,44.35,13.83M,0.26%
2017/12/15,43.3,44.62,44.62,43.26,16.88M,-3.00%
2017/12/18,43.68,43.33,44.1,43.33,11.38M,0.87%
2017/12/19,44,43.83,44.03,43.4,12.93M,0.73%
2017/12/20,44.47,44.55,44.66,43.91,13.99M,1.08%
2017/12/21,45.38,44.43,45.8,44.31,23.49M,2.05%
2017/12/22,45.66,45.38,46.11,45.19,16.64M,0.61%
2017/12/25,45.52,45.51,46.35,45,11.84M,-0.31%
2017/12/26,45.33,45.52,45.89,44.68,9.61M,-0.42%
2017/12/27,43.69,45.44,45.44,43.59,17.23M,-3.62%
2017/12/28,44.5,43.69,44.84,43.69,11.47M,1.86%
2017/12/29,44.22,44.43,45.03,44.1,11.35M,-0.63%
2018/1/2,44.02,44.5,44.78,43.72,14.65M,-0.45%
2018/1/3,44.12,44.03,44.87,43.97,19.43M,0.23%
2018/1/4,45.24,44.31,45.31,44.12,25.04M,2.53%
2018/1/5,45.08,45.87,46.01,44.79,20.89M,-0.35%
2018/1/8,45.68,45.13,45.74,44.81,15.28M,1.34%
2018/1/9,47.88,45.96,48.2,45.56,34.01M,4.82%
2018/1/10,48.01,47.82,48.5,47.44,22.67M,0.27%
2018/1/11,47.61,47.82,48.19,47.29,13.49M,-0.83%
2018/1/12,47.83,47.61,48.08,47.41,11.26M,0.46%
2018/1/15,47.75,47.69,48.72,47.19,22.02M,-0.17%
2018/1/16,48.14,47.56,49.35,47.35,26.91M,0.82%
2018/1/17,47.14,48.46,48.51,46.95,17.98M,-2.08%
2018/1/18,46.67,47.24,48.06,46.11,15.56M,-1.00%
2018/1/19,47.67,46.72,47.93,46.19,18.24M,2.14%
2018/1/22,48.97,47.67,49.03,47.56,19.92M,2.73%
2018/1/23,49.16,48.91,49.99,48.4,22.98M,0.39%
2018/1/24,50.04,49.25,50.26,48.92,21.72M,1.79%
2018/1/25,48.76,50.44,50.48,48.38,24.14M,-2.56%
2018/1/26,49.46,48.77,49.85,48.56,16.44M,1.44%
2018/1/29,46.95,49.69,50,46.73,27.38M,-5.07%
2018/1/30,47.5,46.95,47.96,46.83,13.49M,1.17%
2018/1/31,48.52,47.43,48.65,47.37,13.44M,2.15%
2018/2/1,47.58,48.84,49.29,46.92,15.13M,-1.94%
2018/2/2,47.62,47.96,48.71,47.25,12.43M,0.08%
2018/2/5,47.03,47.08,47.22,45.96,19.39M,-1.24%
2018/2/6,44.24,45.83,45.83,43.06,37.69M,-5.93%
2018/2/7,43.39,45.56,45.64,43,23.99M,-1.92%
2018/2/8,44.3,43.57,44.8,43.45,16.76M,2.10%
2018/2/9,43.31,42.76,44.15,42.38,26.06M,-2.23%
2018/2/12,45.49,43.52,45.77,43.49,19.53M,5.03%
2018/2/13,45.66,45.88,46.79,45.49,14.20M,0.37%
2018/2/14,46.11,45.96,46.42,45.71,8.70M,0.99%
2018/2/22,46.46,46.15,46.91,45.49,22.72M,0.76%
2018/2/23,46.97,46.78,48,46.43,15.07M,1.10%
2018/2/26,47.92,47.12,48.08,46.51,15.42M,2.02%
2018/2/27,47.22,48.09,48.4,47.19,10.06M,-1.46%
2018/2/28,46.46,47.12,47.63,46.39,10.29M,-1.61%
2018/3/1,47.56,46.35,47.62,46.28,11.48M,2.37%
2018/3/2,47.29,47.34,47.76,47.14,8.05M,-0.57%
2018/3/5,47.74,47.31,47.9,46.87,8.56M,0.95%
2018/3/6,48.84,47.72,49.21,47.7,15.36M,2.30%
2018/3/7,48.33,48.65,49.14,48.17,9.29M,-1.04%
2018/3/8,50.17,48.94,50.63,48.6,22.41M,3.81%
2018/3/9,50.89,50.17,51.01,49.81,15.31M,1.44%
2018/3/12,51.26,51.28,51.6,50.67,13.78M,0.73%
2018/3/13,50.52,51.07,51.41,50.32,12.17M,-1.44%
2018/3/14,51.22,50.42,51.44,50.21,12.15M,1.39%
2018/3/15,53.01,51.01,53.21,50.96,19.48M,3.49%
2018/3/16,52.53,52.69,53.42,52.35,14.53M,-0.91%
2018/3/19,55.35,52.7,55.38,52.29,22.55M,5.37%
2018/3/20,56.08,54.89,56.96,54.81,23.34M,1.32%
2018/3/21,55.46,56.28,57.17,55.13,22.25M,-1.11%
2018/3/22,55.06,55.13,55.99,54.34,19.44M,-0.72%
2018/3/23,54.24,53.42,55.05,52.56,24.71M,-1.49%
2018/3/26,55.99,54.24,57.2,54.23,31.91M,3.23%
2018/3/27,55.58,56.98,57.05,54.52,32.42M,-0.73%
2018/3/28,53.37,55.19,56.11,53.21,36.38M,-3.98%
2018/3/29,53.08,53.85,54.15,50.64,25.15M,-0.54%
2018/3/30,55.78,53.06,55.82,53.04,22.19M,5.09%
2018/4/2,54.4,55.78,56.34,54.23,17.19M,-2.47%
2018/4/3,54.4,53.63,54.49,52.76,22.43M,0.00%
2018/4/4,53.92,55.38,55.58,53.71,21.39M,-0.88%
2018/4/9,52.96,53.72,54.09,52.66,20.21M,-1.78%
2018/4/10,54.08,53.24,54.31,53.1,14.90M,2.11%
2018/4/11,54.53,54.13,55.21,53.85,18.81M,0.83%
2018/4/12,54.96,54.62,55.41,53.98,16.23M,0.79%
2018/4/13,51.97,55,55.25,51.92,34.86M,-5.44%
2018/4/16,53.39,52.34,53.71,51.35,25.41M,2.73%
2018/4/17,51.84,53.37,53.67,51.17,26.00M,-2.90%
2018/4/18,52.59,52.24,52.88,51.28,21.60M,1.45%
2018/4/19,53.22,52.69,53.33,52.31,15.23M,1.20%
2018/4/20,53.87,53.22,55.22,53.08,21.22M,1.22%
2018/4/23,54.03,53.83,54.49,53.3,14.56M,0.30%
2018/4/24,54.33,54.23,55.26,53.85,16.99M,0.56%
2018/4/25,56.06,54.19,56.14,54.08,26.35M,3.18%
2018/4/26,53.7,56.21,56.21,53.45,24.62M,-4.21%
2018/4/27,53.51,53.21,54.61,51.94,23.82M,-0.35%
2018/5/2,43.77,44.87,45.35,43.27,25.83M,-18.21%
2018/5/3,44.28,43.79,44.58,42.79,16.55M,1.17%
2018/5/4,44.04,44.25,44.72,43.7,15.16M,-0.54%
2018/5/7,45.14,44.17,45.17,44.08,17.41M,2.51%
2018/5/8,45.71,45.37,45.97,44.98,19.30M,1.24%
2018/5/9,45.87,45.71,46.15,45.23,14.41M,0.35%
2018/5/10,48.93,46.38,49.47,45.97,47.32M,6.67%
2018/5/11,47.8,48.96,51.07,47.44,50.49M,-2.30%
2018/5/14,48.69,48.08,48.87,47.26,23.61M,1.86%
2018/5/15,49.37,48.8,49.8,48.39,24.59M,1.42%
2018/5/16,48.94,49.04,49.77,48.81,21.45M,-0.88%
2018/5/17,48.04,48.77,48.91,47.64,19.40M,-1.84%
2018/5/18,49.28,48.07,49.31,47.66,19.24M,2.59%
2018/5/21,49.03,49.57,49.61,48.61,15.91M,-0.52%
2018/5/22,50.82,49,50.87,48.72,25.98M,3.66%
2018/5/23,50.57,50.65,51.51,50.34,21.58M,-0.50%
2018/5/24,50.26,49.68,50.75,49.68,16.59M,-0.60%
2018/5/25,52.01,50.37,52.8,50.19,31.17M,3.49%
2018/5/28,54.09,52.48,54.22,51.65,32.52M,4.00%
2018/5/29,50.97,53.55,54.95,49.76,44.79M,-5.77%
2018/5/30,51.75,49.69,53.06,48.89,32.87M,1.53%
2018/5/31,52.87,51.74,52.93,50.94,31.46M,2.16%
2018/6/1,51.4,52.87,53.33,50.49,31.03M,-2.78%
2018/6/4,52.6,51.8,52.94,50.76,29.15M,2.34%
2018/6/5,55.66,52.89,56.94,52.45,43.25M,5.82%
2018/6/6,57.23,55.97,57.71,55.35,38.53M,2.82%
2018/6/7,56.95,57.26,57.84,56.5,34.24M,-0.49%
2018/6/8,56.35,56.53,57.37,56.27,39.04M,-1.05%
2018/6/11,54.18,56.31,56.32,53.01,54.21M,-3.86%
2018/6/12,54.62,54.27,54.7,53.59,33.45M,0.82%
2018/6/13,53.49,54.17,54.33,52.75,26.85M,-2.07%
2018/6/14,52.98,53.47,54.15,52.76,22.87M,-0.96%
2018/6/15,52.74,52.78,53.46,52.14,20.59M,-0.45%
2018/6/19,52.08,52.57,53.9,51.04,37.80M,-1.26%
2018/6/20,54.82,52.08,54.96,51.11,46.05M,5.27%
2018/6/21,54.3,54.82,55.5,53.6,31.58M,-0.95%
2018/6/22,54.84,53.54,55.06,52.92,29.01M,1.00%
2018/6/25,55.29,54.97,56.44,54.58,33.12M,0.82%
2018/6/26,55.38,54.87,56.1,53.87,27.14M,0.16%
2018/6/27,53.09,55.53,55.59,52.78,31.15M,-4.14%
2018/6/28,50.59,52.01,52.85,50.56,36.93M,-4.71%
2018/6/29,52.61,50.82,52.83,50.82,23.44M,3.99%
2018/7/2,52.36,52.08,53.87,51.39,24.37M,-0.48%
2018/7/3,50.35,52.26,52.27,47.92,54.71M,-3.83%
2018/7/4,48.66,49.65,50.14,48.63,27.37M,-3.37%
2018/7/5,47.22,48.75,49.69,47.12,36.09M,-2.97%
2018/7/6,48.6,47.22,49.63,47,44.54M,2.93%
2018/7/9,50.2,48.11,50.32,48.06,30.87M,3.30%
2018/7/10,50.58,50.52,51.15,49.89,22.62M,0.76%
2018/7/11,50.26,49.65,50.6,48.76,27.77M,-0.65%
2018/7/12,51.18,50.39,51.85,50.38,34.73M,1.84%
2018/7/13,52.08,51.3,52.29,50.76,34.14M,1.75%
2018/7/16,51.88,51.74,52.22,51.15,19.75M,-0.37%
2018/7/17,50.52,52.01,52.13,50.05,26.14M,-2.62%
2018/7/18,51.46,50.73,52.64,50.35,33.65M,1.86%
2018/7/19,50.85,51.81,51.85,50.52,18.50M,-1.19%
2018/7/20,51.22,50.8,51.29,49.36,25.25M,0.74%
2018/7/23,48.74,48.99,49.86,48.03,56.49M,-4.84%
2018/7/24,49.31,48.4,50.14,48.04,37.47M,1.17%
2018/7/25,49.92,49.19,50.2,49.04,22.43M,1.24%
2018/7/26,48.96,50.13,50.42,48.89,20.80M,-1.93%
2018/7/27,48.89,48.76,49.22,48.53,16.07M,-0.14%
2018/7/30,47.95,48.76,48.96,47.23,23.07M,-1.92%
2018/7/31,47.83,47.58,48.85,47.57,19.00M,-0.26%
2018/8/1,47.44,48.46,48.46,47.33,13.96M,-0.81%
2018/8/2,48.19,47.44,48.22,46.81,28.27M,1.60%
2018/8/3,46.17,47.92,48.6,46.11,26.06M,-4.19%
2018/8/6,42.95,45.49,45.61,42.22,55.66M,-6.98%
2018/8/7,44.06,42.78,44.16,42.26,35.62M,2.57%
2018/8/8,43.5,44.25,44.65,43.23,17.96M,-1.26%
2018/8/9,46.56,43.54,46.98,43.3,33.48M,7.04%
2018/8/10,48.63,46.56,49.05,46.55,37.58M,4.44%
2018/8/13,48.85,48.53,49.1,47.69,21.42M,0.46%
2018/8/14,49.38,48.85,49.6,48.4,22.56M,1.08%
2018/8/15,46.9,49.19,49.28,46.74,29.37M,-5.03%
2018/8/16,46.69,46.18,48.2,46.05,25.33M,-0.44%
2018/8/17,45.06,47.14,47.15,44.17,47.46M,-3.50%
2018/8/20,43.68,44.82,45.13,42.36,42.62M,-3.05%
2018/8/21,46.53,43.75,46.81,43.72,35.56M,6.52%
2018/8/22,46.23,46.22,46.65,45.4,19.06M,-0.64%
2018/8/23,46.92,46.4,47.37,45.87,22.48M,1.49%
2018/8/24,47.2,46.64,47.92,46.2,26.61M,0.61%
2018/8/27,48.85,47.37,49.65,47.33,38.18M,3.50%
2018/8/28,48.98,48.94,49.22,48.29,24.32M,0.26%
2018/8/29,48.45,48.75,48.96,48.19,15.65M,-1.08%
2018/8/30,47.22,48.51,48.82,47.08,22.69M,-2.55%
2018/8/31,45.94,46.87,46.87,44.94,42.26M,-2.71%
2018/9/3,45.61,45.24,45.69,44.79,18.60M,-0.71%
2018/9/4,45.65,45.83,46.14,44.79,25.05M,0.08%
2018/9/5,44.99,45.62,46.04,44.99,19.81M,-1.43%
2018/9/6,44.17,44.44,45.08,44.1,19.13M,-1.84%
2018/9/7,45.57,44.48,46.03,44.48,28.67M,3.18%
2018/9/10,44.43,45.69,46.01,44.23,20.81M,-2.50%
2018/9/11,44.95,44.5,45.66,44.11,17.36M,1.17%
2018/9/12,42.64,44.9,44.9,42.36,48.06M,-5.14%
2018/9/13,40.9,43.46,43.61,38.65,80.65M,-4.07%
2018/9/14,40.37,40.82,40.94,39.31,39.38M,-1.31%
2018/9/17,38.47,39.83,40.9,38.33,41.69M,-4.70%
2018/9/18,39.9,38.47,40.04,37.66,49.84M,3.72%
2018/9/19,41.08,39.79,41.92,39.48,47.08M,2.94%
2018/9/20,41.1,41.08,41.88,40.63,26.78M,0.07%
2018/9/21,42.24,41.17,42.53,40.46,29.52M,2.75%
2018/9/25,42.71,41.69,43.17,41.53,23.76M,1.12%
2018/9/26,43.54,42.99,44.37,42.49,47.26M,1.95%
2018/9/27,43.58,43.44,44.44,43.11,31.11M,0.08%
2018/9/28,44.1,43.15,44.31,43.15,25.83M,1.20%
2018/10/8,40.55,43.06,43.06,40.41,41.88M,-8.05%
2018/10/9,40.81,40.42,41.36,40.4,27.42M,0.65%
2018/10/10,40.37,41.37,41.6,39.58,22.17M,-1.07%
2018/10/11,38.58,37.5,39.32,37.29,42.40M,-4.45%
2018/10/12,39.79,38.77,40.35,38.12,39.44M,3.15%
2018/10/15,39.99,39.72,41.06,39.66,23.81M,0.51%
2018/10/16,40.28,40.14,41.23,39.81,17.96M,0.73%
2018/10/17,40.37,40.83,41.42,38.68,23.83M,0.21%
2018/10/18,38.5,40.21,40.63,38.13,40.34M,-4.63%
2018/10/19,39.31,38.19,40,37.71,48.21M,2.09%
2018/10/22,42.51,39.93,43.24,39.92,70.30M,8.14%
2018/10/23,41.91,42.27,42.73,41.11,47.47M,-1.40%
2018/10/24,40.67,41.85,41.9,39.48,40.33M,-2.97%
2018/10/25,39.44,39.03,39.84,38.26,33.79M,-3.01%
2018/10/26,40.14,40.26,40.87,39.6,33.35M,1.76%
2018/10/29,39.24,40.14,40.14,38.19,35.56M,-2.23%
2018/10/30,40.53,39.53,41.32,38.92,32.96M,3.29%
2018/10/31,42.76,40.9,43.06,40.83,34.85M,5.50%
2018/11/1,43.4,43.31,44.72,42.83,42.07M,1.49%
2018/11/2,46.94,45.49,47.12,44.97,53.56M,8.16%
2018/11/5,45.83,46.26,46.42,45.01,31.54M,-2.38%
2018/11/6,45.42,45.83,45.96,44.83,22.18M,-0.88%
2018/11/7,45.05,45.62,45.92,44.87,20.68M,-0.83%
2018/11/8,45.34,45.6,45.76,44.98,17.45M,0.65%
2018/11/9,44.77,44.93,45.47,44.3,17.87M,-1.26%
2018/11/12,45.16,44.76,45.76,44.01,19.43M,0.87%
2018/11/13,45.42,44.36,45.83,44.24,22.68M,0.57%
2018/11/14,44.53,45.62,45.9,44.44,19.53M,-1.94%
2018/11/15,44.6,44.17,44.6,43.19,31.70M,0.16%
2018/11/16,43.27,44.31,44.35,42.83,42.25M,-2.99%
2018/11/19,43.97,43.39,44.51,43.09,26.19M,1.60%
2018/11/20,43.5,43.69,44.17,43.26,17.85M,-1.06%
2018/11/21,44.46,43.06,44.76,42.97,20.68M,2.20%
2018/11/22,43.97,44.44,44.9,43.76,17.44M,-1.09%
2018/11/23,43.49,43.74,44.2,43.31,14.62M,-1.09%
2018/11/26,43.44,43.74,43.85,43.06,10.94M,-0.13%
2018/11/27,43.41,43.6,43.86,43.12,10.54M,-0.06%
2018/11/28,44.76,43.65,44.97,43.19,25.26M,3.12%
2018/11/29,44.47,44.93,45.33,44.47,18.53M,-0.65%
2018/11/30,45.45,44.72,45.56,44.31,20.54M,2.20%
2018/12/3,46.49,46.6,46.87,45.56,31.86M,2.28%
2018/12/4,46.49,46.52,46.74,45.84,18.02M,0.01%
2018/12/5,46.47,45.84,47.39,45.75,23.21M,-0.06%
2018/12/6,43.51,45.7,46.1,42.01,49.52M,-6.37%
2018/12/7,40.54,42.78,42.91,40.31,73.28M,-6.82%
2018/12/10,40.97,39.92,41.31,39.4,33.55M,1.06%
2018/12/11,41.75,41.01,42.08,41.01,25.07M,1.90%
2018/12/12,40.86,42.23,42.29,40.64,26.87M,-2.13%
2018/12/13,41.61,40.98,42.15,40.62,29.55M,1.84%
2018/12/14,40.9,41.24,41.6,40.47,29.29M,-1.70%
2018/12/17,39.72,40.57,40.6,38.49,41.18M,-2.90%
2018/12/18,39.46,39.64,40.14,39.24,25.22M,-0.65%
2018/12/19,38.27,39.58,39.72,38.19,32.86M,-3.01%
2018/12/20,36.77,37.97,38.27,36.65,52.51M,-3.92%
2018/12/21,34.78,36.53,36.53,34.65,73.89M,-5.40%
2018/12/24,36.92,35.14,36.94,35,42.62M,6.13%
2018/12/25,37.09,36.33,37.35,36.08,31.99M,0.47%
2018/12/26,36.11,37.02,37.22,36.11,21.67M,-2.64%
2018/12/27,35.76,36.46,37.01,35.62,36.79M,-0.96%
2018/12/28,36.63,36.08,36.73,35.91,29.12M,2.43%
2019/1/2,36.78,37.01,37.44,36.49,40.15M,0.42%
2019/1/3,35.47,36.27,36.58,34.81,46.88M,-3.59%
2019/1/4,37.74,34.93,37.83,34.57,51.12M,6.42%
2019/1/7,37.2,37.5,37.57,36.74,34.61M,-1.44%
2019/1/8,37.49,37.05,37.75,37.05,18.47M,0.77%
2019/1/9,38.56,37.85,39.04,37.57,28.37M,2.87%
2019/1/10,39.08,38.26,39.75,38,23.57M,1.33%
2019/1/11,38.85,39.03,39.24,38.22,18.89M,-0.57%
2019/1/14,37.73,38.85,38.85,37.58,16.10M,-2.90%
2019/1/15,39.19,37.85,39.23,37.73,23.21M,3.88%
2019/1/16,39.91,39.19,40.27,38.54,25.54M,1.82%
2019/1/17,39.83,39.83,40.58,39.67,17.89M,-0.19%
2019/1/18,41.09,40.21,41.51,39.94,25.69M,3.16%
2019/1/21,41.02,40.94,41.99,40.87,22.74M,-0.17%
2019/1/22,40.06,41.18,41.18,39.62,21.84M,-2.34%
2019/1/23,40.29,39.86,40.54,39.74,12.98M,0.57%
2019/1/24,41.24,40.21,41.44,39.86,17.56M,2.34%
2019/1/25,40.97,41.22,41.51,40.84,16.02M,-0.66%
2019/1/28,38.07,40.24,40.24,37.85,59.87M,-7.07%
2019/1/29,39.71,38.2,39.75,38.04,38.51M,4.31%
2019/1/30,39.86,39.58,40.61,39.47,20.74M,0.38%
2019/1/31,41.01,40.44,41.28,39.99,26.64M,2.87%
2019/2/1,42.24,41.62,42.27,40.86,25.03M,3.00%
2019/2/11,42.95,41.72,43.17,41.52,23.39M,1.69%
2019/2/12,44.1,43.4,44.6,43.06,30.75M,2.67%
2019/2/13,45.55,44.44,45.83,44.44,30.08M,3.29%
2019/2/14,45.69,45.49,45.94,45.07,22.71M,0.32%
2019/2/15,44.65,45.29,45.66,44.38,19.77M,-2.29%
2019/2/18,46.41,46.04,46.98,45.83,34.70M,3.95%
2019/2/19,45.78,46.39,46.85,45.56,28.34M,-1.35%
2019/2/20,45.1,45.56,45.78,44.5,25.36M,-1.49%
2019/2/21,45.44,45.18,46.18,45.14,22.92M,0.75%
2019/2/22,46.04,45.67,46.04,44.86,17.20M,1.31%
2019/2/25,47.57,45.83,47.85,45.69,51.37M,3.32%
2019/2/26,47.22,47.01,51,46.74,53.08M,-0.73%
2019/2/27,47.78,47.19,48.81,47.06,27.62M,1.18%
2019/2/28,49.93,47.78,50.14,47.58,40.71M,4.51%
2019/3/1,50,50.56,50.69,49.22,29.86M,0.14%
2019/3/4,50.19,50.28,51.39,49.77,39.02M,0.38%
2019/3/5,50.08,50.08,50.61,49.72,23.00M,-0.21%
2019/3/6,49.48,50.14,50.56,48.89,29.88M,-1.21%
2019/3/7,48.87,49.47,49.47,48.44,29.10M,-1.22%
2019/3/8,48.37,47.92,49.62,47.67,29.02M,-1.02%
2019/3/11,48.82,48.62,49.22,48.12,28.29M,0.92%
2019/3/12,48.48,49.51,49.68,48.18,26.89M,-0.70%
2019/3/13,48.53,48.52,49.06,48.19,23.97M,0.10%
2019/3/14,48.65,48.74,49.38,48.42,27.18M,0.26%
2019/3/15,49.67,48.82,50.56,48.44,36.87M,2.08%
2019/3/18,51.46,50.14,52.12,49.4,41.99M,3.61%
2019/3/19,50.07,51.35,51.36,49.75,33.88M,-2.70%
2019/3/20,50.5,49.76,50.69,49.42,24.60M,0.86%
2019/3/21,50.28,50.72,51.08,49.92,18.10M,-0.44%
2019/3/22,50.78,50.62,51.03,50.03,19.42M,1.01%
2019/3/25,49.44,50.07,50.76,49.43,25.76M,-2.64%
2019/3/26,49.69,49.93,50.33,49.21,18.68M,0.49%
2019/3/27,51.64,50.1,52.47,50.1,49.63M,3.93%
2019/3/28,53.87,51.4,54.54,50.83,30.67M,4.33%
2019/3/29,54.52,53.23,55.01,52.21,35.34M,1.19%
2019/4/1,54.79,55,56.62,54.55,31.71M,0.50%
2019/4/2,54.4,55,55.01,53.83,23.90M,-0.71%
2019/4/3,54.65,54.37,54.94,54.09,19.98M,0.46%
2019/4/4,55.12,54.58,55.21,54.08,21.48M,0.85%
2019/4/8,53.32,55.42,55.42,52.87,38.41M,-3.27%
2019/4/9,54.02,52.94,54.25,52.17,30.94M,1.31%
2019/4/10,54.77,54.13,55.86,53.34,39.13M,1.40%
2019/4/11,53.32,54.77,55.42,53.17,30.03M,-2.66%
2019/4/12,53.85,53.58,54.27,52.94,18.86M,1.00%
2019/4/15,52.79,54.68,54.98,52.61,23.71M,-1.97%
2019/4/16,54.05,52.78,54.05,52.54,19.69M,2.38%
2019/4/17,53.77,54.58,54.58,53.51,18.44M,-0.51%
2019/4/18,53.44,53.96,53.96,53.14,12.21M,-0.62%
2019/4/19,53.71,53.33,54.23,53.15,15.28M,0.50%
2019/4/22,51.78,53.58,53.67,51.72,32.29M,-3.58%
2019/4/23,52.37,51.73,52.96,51.67,22.85M,1.13%
2019/4/24,52.37,52.72,53.07,52.08,17.65M,0.02%
2019/4/25,53.25,52.52,54.06,52.42,31.77M,1.67%
2019/4/26,51.94,52.51,53.17,51.33,24.39M,-2.46%
2019/4/29,54.43,52.07,55.37,52.07,49.53M,4.80%
2019/4/30,54.79,54.17,55.25,53.87,23.34M,0.66%
2019/5/6,53.5,54.17,54.17,52.52,41.76M,-2.36%
2019/5/7,55.12,54,57.07,53.77,50.91M,3.02%
2019/5/8,53.52,53.81,54.67,53.33,28.22M,-2.89%
2019/5/9,52.08,53.08,53.96,51.67,25.42M,-2.69%
2019/5/10,53.43,52.82,53.58,51.13,26.37M,2.59%
2019/5/13,53.47,52.83,53.97,52.26,16.53M,0.08%
2019/5/14,52.52,53.2,54.72,52.5,28.16M,-1.78%
2019/5/15,45.42,44.12,45.42,44.1,43.25M,-13.52%
2019/5/16,44.64,45.06,45.26,44.25,40.93M,-1.73%
2019/5/17,43.58,44.31,44.42,43.47,42.50M,-2.36%
2019/5/20,41.84,43.54,44.08,41.43,45.94M,-4.00%
2019/5/21,42.23,41.85,42.74,41.85,27.71M,0.93%
2019/5/22,42.4,42.22,42.78,41.74,22.69M,0.41%
2019/5/23,41.4,42.36,42.36,41.37,23.20M,-2.37%
2019/5/24,41.72,41.58,42.15,41.42,16.45M,0.77%
2019/5/27,42.5,41.77,42.78,40.97,25.69M,1.88%
2019/5/28,43.42,42.5,43.53,42.44,35.26M,2.16%
2019/5/29,42.99,43.06,43.45,42.77,15.39M,-0.98%
2019/5/30,42.99,42.5,43.05,42.24,15.99M,0.00%
2019/5/31,43.17,43.68,44.36,43.17,25.99M,0.40%
2019/6/3,43.9,43.31,44.1,43.24,28.30M,1.71%
2019/6/4,43.08,43.99,44.22,42.71,23.39M,-1.88%
2019/6/5,40.97,43.06,43.31,40.9,52.02M,-4.88%
2019/6/6,40.26,41.01,41.24,39.71,35.25M,-1.73%
2019/6/10,40.72,40.26,41.23,39.85,23.76M,1.12%
2019/6/11,41.75,40.97,41.9,40.77,34.08M,2.54%
2019/6/12,41.91,41.65,42.24,41.04,22.79M,0.38%
2019/6/13,42.57,42.22,42.88,41.67,22.03M,1.57%
2019/6/14,42.56,42.64,43.39,42.36,25.30M,-0.03%
2019/6/17,42.78,43.02,43.39,42.71,19.96M,0.52%
2019/6/18,43.47,43.06,43.63,42.96,20.30M,1.61%
2019/6/19,44.71,44.22,45.22,44.22,39.53M,2.86%
2019/6/20,45.49,44.93,45.83,44.47,38.13M,1.76%
2019/6/21,45.76,45.42,46.27,45.37,27.76M,0.60%
2019/6/24,45.87,46.12,46.49,45.54,22.72M,0.24%
2019/6/25,45.85,45.92,46.64,45.2,22.87M,-0.05%
2019/6/26,46.18,45.97,46.51,45.62,18.78M,0.71%
2019/6/27,46.46,46.07,46.93,46.07,21.04M,0.60%
2019/6/28,45.83,46.46,46.46,44.97,27.26M,-1.35%
2019/7/1,47.38,46.53,47.66,46.51,32.02M,3.38%
2019/7/2,48.76,47.22,48.94,47.15,42.67M,2.90%
2019/7/3,47.48,48.61,48.61,47.24,31.60M,-2.62%
2019/7/4,45.91,47.48,47.57,45.62,38.21M,-3.31%
2019/7/5,46.81,46.08,47.15,46.01,24.10M,1.95%
2019/7/8,46.18,46.3,47.07,45.83,21.30M,-1.34%
2019/7/9,46.17,46.49,46.81,46.02,14.61M,-0.03%
2019/7/10,46.81,46.57,47.45,46.25,20.64M,1.40%
2019/7/11,46.29,47.01,47.19,46.11,16.55M,-1.11%
2019/7/12,46.15,46.17,46.8,45.9,16.34M,-0.32%
2019/7/15,46.79,46.45,47.03,45.52,26.25M,1.40%
2019/7/16,45.87,46.67,46.87,45.87,17.58M,-1.96%
2019/7/17,46,45.91,46.4,45.33,13.56M,0.27%
2019/7/18,45.85,45.9,46.13,45.59,12.83M,-0.33%
2019/7/19,45.85,46.18,46.54,45.73,21.22M,0.00%
2019/7/22,46.21,45.83,46.54,45.38,17.41M,0.79%
2019/7/23,45.87,46.21,46.4,45.69,13.73M,-0.74%
2019/7/24,46.25,46.12,46.47,45.87,15.57M,0.83%
2019/7/25,46.33,46.24,46.52,46.11,13.42M,0.18%
2019/7/26,46.4,46.15,46.64,46.15,17.34M,0.15%
2019/7/29,46.28,46.4,46.84,45.97,15.06M,-0.25%
2019/7/30,46.5,46.35,46.7,46.27,14.45M,0.47%
2019/7/31,46.49,46.11,46.52,45.6,21.10M,-0.03%
2019/8/1,46.34,46.25,46.76,46.17,15.05M,-0.31%
2019/8/2,45.86,45.65,46.2,45.27,19.85M,-1.03%
2019/8/5,44.51,45.62,45.83,44.38,28.23M,-2.94%
2019/8/6,44.96,43.75,45.43,42.95,26.44M,1.00%
2019/8/7,45.49,45.14,45.82,44.93,20.00M,1.17%
2019/8/8,46.29,45.75,46.39,45.75,17.56M,1.77%
2019/8/9,46.44,46.58,47.09,46.31,23.64M,0.33%
2019/8/12,46.7,46.34,46.75,46.28,16.14M,0.55%
2019/8/13,46.57,46.7,46.97,46.46,16.94M,-0.28%
2019/8/14,47.7,46.94,48.19,46.94,34.98M,2.43%
2019/8/15,47.92,47.26,48.12,47.22,31.01M,0.45%
2019/8/16,48,47.92,48.4,47.45,24.48M,0.17%
2019/8/19,49.96,48.27,50.1,48.12,35.62M,4.08%
2019/8/20,49.97,49.97,50.31,49.37,18.60M,0.03%
2019/8/21,49.8,50.14,50.21,49.28,15.84M,-0.35%
2019/8/22,49.81,50.69,50.69,49.44,18.03M,0.03%
2019/8/23,53.19,50.35,54.03,50.21,50.81M,6.79%
2019/8/26,52.47,52.82,53.2,52.2,36.86M,-1.37%
2019/8/27,52.64,52.85,54.01,52.5,42.47M,0.33%
2019/8/28,53.56,52.81,54.05,52.44,31.55M,1.74%
2019/8/29,53.43,52.8,54.24,52.57,26.98M,-0.23%
2019/8/30,55.59,54.08,55.94,53.82,41.44M,4.04%
2019/9/2,55.28,55.9,56.03,54.74,31.82M,-0.55%
2019/9/3,54.51,55.37,55.46,54.17,33.95M,-1.39%
2019/9/4,54.36,54.71,55.2,53.69,26.09M,-0.28%
2019/9/5,54.5,54.72,54.83,54.17,25.53M,0.26%
2019/9/6,55.63,54.96,55.68,54.03,29.12M,2.08%
2019/9/9,55.03,55.72,55.72,54.4,25.96M,-1.07%
2019/9/10,55.95,55.25,56.42,54.97,28.13M,1.67%
2019/9/11,54.23,55.8,55.8,53.68,34.16M,-3.08%
2019/9/12,54.58,54.5,54.83,53.87,17.81M,0.65%
2019/9/16,55.39,55.14,55.88,54.51,21.38M,1.48%
2019/9/17,54.88,55.28,55.82,54.74,16.30M,-0.92%
2019/9/18,55.42,54.86,55.62,54.64,22.78M,0.99%
2019/9/19,55.65,55.67,56.51,55.19,24.53M,0.41%
2019/9/20,56.6,55.65,57.94,55.56,37.70M,1.70%
2019/9/23,56.32,56.97,56.97,55.96,24.09M,-0.49%
2019/9/24,57.29,56.25,57.9,56.08,31.32M,1.73%
2019/9/25,57.52,57.04,58.18,56.65,24.39M,0.40%
2019/9/26,56.47,57.99,58.22,56.29,21.58M,-1.84%
2019/9/27,56.28,56.53,56.94,56.01,18.01M,-0.32%
2019/9/30,56.03,56.11,57.22,55.94,17.77M,-0.46%
2019/10/8,55.8,55.64,56.7,55.64,23.47M,-0.41%
2019/10/9,54.65,55.8,55.81,53.87,32.25M,-2.07%
2019/10/10,57.64,54.71,57.9,54.65,37.95M,5.48%
2019/10/11,57.91,58.26,58.54,57.37,21.87M,0.47%
2019/10/14,58.03,58.21,58.96,57.42,27.85M,0.20%
2019/10/15,59.2,58.45,59.69,58.15,22.32M,2.02%
2019/10/16,59.7,59.44,59.96,58.51,20.67M,0.84%
2019/10/17,59.58,59.89,60.32,58.75,18.22M,-0.20%
2019/10/18,58.52,59.58,59.64,58.1,22.47M,-1.78%
2019/10/21,57.37,58.51,58.82,56.81,28.68M,-1.97%
2019/10/22,58.12,57.92,58.21,57.31,14.63M,1.31%
2019/10/23,57.49,57.99,58.62,57.33,16.55M,-1.09%
2019/10/24,57.44,57.78,57.97,56.7,17.45M,-0.08%
2019/10/25,60.79,59.1,60.81,59.08,60.39M,5.84%
2019/10/28,63.25,60.67,63.3,60.56,36.27M,4.04%
2019/10/29,63.03,63.05,63.58,62.63,20.16M,-0.35%
2019/10/30,62.62,63.7,63.72,62.19,20.70M,-0.64%
2019/10/31,63.11,63.19,64.35,62.42,24.37M,0.78%
2019/11/1,64.24,63,64.24,62.81,25.25M,1.78%
2019/11/4,64.03,64.24,64.58,63.58,24.72M,-0.32%
2019/11/5,63.4,63.89,64,62.83,25.41M,-0.98%
2019/11/6,63.33,63.44,63.82,62.85,18.34M,-0.12%
2019/11/7,62.9,63.53,63.8,62.78,21.82M,-0.67%
2019/11/8,63.4,63.54,64.53,63.11,23.44M,0.79%
2019/11/11,61.72,63.06,63.06,61.11,37.58M,-2.65%
2019/11/12,62.27,62.12,62.44,61.17,22.92M,0.89%
2019/11/13,63.47,62.21,63.89,61.36,30.22M,1.92%
2019/11/14,65.51,63.89,65.97,63.89,36.19M,3.22%
2019/11/15,64.37,65.35,65.73,64.37,20.46M,-1.73%
2019/11/18,64.51,65.07,65.17,64.1,15.63M,0.22%
2019/11/19,66.41,64.51,66.41,64.37,28.84M,2.94%
2019/11/20,65.97,65.99,66.99,65.63,22.02M,-0.66%
2019/11/21,64.31,65.97,65.97,63.75,34.47M,-2.53%
2019/11/22,61.79,64.58,65.03,61.13,47.91M,-3.91%
2019/11/25,61.19,61.81,62.15,60.12,32.57M,-0.97%
2019/11/26,61.74,61.72,62.57,61.24,29.49M,0.89%
2019/11/27,62.26,61.74,62.67,61.24,17.47M,0.84%
2019/11/28,62.28,62.26,62.6,61.66,13.61M,0.03%
2019/11/29,59.65,61.81,61.81,58.14,63.19M,-4.21%
2019/12/2,58.15,57.69,59.37,57.67,38.85M,-2.53%
2019/12/3,58.72,57.97,58.87,56.59,42.50M,0.98%
2019/12/4,59.48,58.68,59.89,58.17,29.62M,1.30%
2019/12/5,59.66,59.72,60.61,59.53,23.96M,0.30%
2019/12/6,60.49,60.01,60.51,59.48,18.66M,1.39%
2019/12/9,58.07,60.69,60.69,57.62,48.76M,-4.00%
2019/12/10,58.68,57.64,58.75,57.56,27.52M,1.05%
2019/12/11,59.03,59.22,59.31,58.41,18.02M,0.59%
2019/12/12,59.1,59.61,59.61,58.54,18.16M,0.12%
2019/12/13,60.31,59.44,60.42,59.1,30.42M,2.06%
2019/12/16,59.2,60.22,60.27,58.82,34.49M,-1.84%
2019/12/17,59.75,59.18,60.1,58.37,31.40M,0.93%
2019/12/18,58.85,59.72,59.72,58.56,33.46M,-1.50%
2019/12/19,58.93,59.14,59.14,58.47,18.49M,0.13%
2019/12/20,58.96,59.17,59.2,58.54,16.61M,0.05%
2019/12/23,59.19,58.97,59.67,58.65,25.06M,0.39%
2019/12/24,58.68,58.95,59.33,58.66,14.15M,-0.86%
2019/12/25,57.9,58.4,58.44,56.94,24.57M,-1.33%
2019/12/26,58.6,57.99,58.83,57.92,13.45M,1.20%
2019/12/27,58.6,58.33,59.08,58.33,20.55M,0.00%
2019/12/30,59.37,58.54,59.43,57.81,26.04M,1.33%
2019/12/31,60.78,59.22,61.24,59.22,31.79M,2.36%
2020/1/2,60.89,61.11,61.18,60.31,30.36M,0.18%
2020/1/3,59.69,61.12,61.25,59.51,31.42M,-1.97%
2020/1/6,58.4,59.41,59.52,58.02,42.82M,-2.16%
2020/1/7,58.94,58.4,59.33,58.11,27.27M,0.93%
2020/1/8,58.81,58.35,58.92,58.33,17.72M,-0.22%
2020/1/9,60.33,59.03,60.56,59.01,37.46M,2.60%
2020/1/10,60.76,60.69,61.46,60.49,33.49M,0.71%
2020/1/13,61,61.37,61.44,60.07,30.97M,0.39%
2020/1/14,60.08,60.97,60.97,59.78,30.91M,-1.51%
2020/1/15,60.37,60.17,61.08,59.76,23.75M,0.49%
2020/1/16,60.03,60.86,60.94,59.44,29.83M,-0.56%
2020/1/17,62.96,60.07,62.97,60.07,75.78M,4.88%
2020/1/20,62.57,64.43,64.92,61.86,42.27M,-0.62%
2020/1/21,62.76,62.57,63.88,62.4,28.73M,0.30%
2020/1/22,62.73,62.74,63.32,62.16,23.37M,-0.04%
2020/1/23,61.1,62.51,62.92,60.56,34.13M,-2.59%
2020/2/3,59.35,55.96,60.33,55.83,59.10M,-2.88%
2020/2/4,60.24,59.33,61.17,57.96,46.70M,1.51%
2020/2/5,61.74,60.42,61.78,59.92,42.73M,2.49%
2020/2/6,62.56,62.12,63.47,61.31,44.40M,1.33%
2020/2/7,62.26,62.85,62.92,61,32.35M,-0.49%
2020/2/10,61.46,61.6,61.74,60.62,23.83M,-1.28%
2020/2/11,62.6,61.81,63.12,61.47,33.00M,1.86%
2020/2/12,64.56,62.85,64.56,62.71,35.95M,3.12%
2020/2/13,63.51,64.73,65.03,63.37,26.67M,-1.62%
2020/2/14,63.58,63.65,64.2,63.2,21.61M,0.11%
2020/2/17,64.15,63.58,64.44,63.23,23.41M,0.91%
2020/2/18,62.92,64.16,64.97,62.67,32.77M,-1.93%
2020/2/19,62.28,62.77,63.12,62.08,24.27M,-1.02%
2020/2/20,63.06,62.62,63.25,61.98,23.08M,1.25%
2020/2/21,62.64,62.72,62.99,62.42,27.84M,-0.66%
2020/2/24,61.37,62.48,62.53,60.8,40.25M,-2.02%
2020/2/25,61.33,60.67,62.49,60.56,33.39M,-0.08%
2020/2/26,60.19,61.04,61.1,60.07,33.12M,-1.85%
2020/2/27,60.56,60.42,61.11,59.93,27.36M,0.61%
2020/2/28,58.4,59.72,60.12,58.1,38.82M,-3.58%
2020/3/2,59.17,59.06,60.01,57.72,38.86M,1.32%
2020/3/3,61.35,59.9,61.98,59.9,42.11M,3.69%
2020/3/4,60.97,61.11,61.19,60,21.68M,-0.61%
2020/3/5,63.68,62.23,64.24,61.81,63.64M,4.44%
2020/3/6,64.06,63.89,65.14,63.68,45.01M,0.60%
2020/3/9,61.73,62.53,63.4,61.66,47.26M,-3.64%
2020/3/10,62.92,61.98,63.61,61.22,37.85M,1.92%
2020/3/11,61.83,63.74,63.74,61.67,23.05M,-1.73%
2020/3/12,59.99,60.77,61.81,59.72,36.11M,-2.98%
2020/3/13,58.82,57.08,59.72,56.94,50.35M,-1.94%
2020/3/16,56.98,59.03,59.51,56.63,41.75M,-3.13%
2020/3/17,56.31,56.98,58.31,54.92,39.30M,-1.17%
2020/3/18,55.97,56.39,58.51,55.76,40.88M,-0.60%
2020/3/19,54.86,55.9,56.81,53.6,46.41M,-1.99%
2020/3/20,55.67,55.54,56.24,54.62,35.83M,1.47%
2020/3/23,57.15,55.56,57.98,55.08,59.79M,2.67%
2020/3/24,59.49,57.67,59.72,57.56,45.94M,4.08%
2020/3/25,61.78,61.22,62.49,60.15,45.86M,3.86%
2020/3/26,62.69,61.74,63.54,61.22,45.75M,1.47%
2020/3/27,63.12,63.23,64.76,62.56,41.00M,0.68%
2020/3/30,62.99,62.5,64.2,61.58,36.99M,-0.21%
2020/3/31,63.91,63.31,64.01,62.5,37.88M,1.47%
2020/4/1,62.5,63.46,63.53,61.94,27.80M,-2.21%
2020/4/2,63.78,62.53,63.88,62.24,26.12M,2.06%
2020/4/3,65.09,63.75,65.97,63.56,42.06M,2.05%
2020/4/7,66.32,65.62,66.65,64.99,34.23M,1.89%
2020/4/8,65.82,65.9,67.01,65.44,23.21M,-0.75%
2020/4/9,67.22,65.83,67.92,65.59,25.50M,2.12%
2020/4/10,66.81,67.21,69.22,66.6,24.64M,-0.60%
2020/4/13,67.13,67.35,67.62,66.17,13.44M,0.48%
2020/4/14,68.4,67.86,68.43,66.72,27.86M,1.88%
2020/4/15,67.66,68.41,69.13,67.28,20.83M,-1.08%
2020/4/16,67.65,66.78,68,66.33,20.14M,-0.02%
2020/4/17,67.08,67.74,68.19,66.92,21.24M,-0.83%
2020/4/20,67.15,67.08,67.71,66.67,18.51M,0.10%
2020/4/21,66.18,67.36,67.37,65.45,26.38M,-1.45%
2020/4/22,67.71,66.17,67.71,65.35,25.55M,2.31%
2020/4/23,66.7,68.06,68.59,65.97,27.90M,-1.49%
2020/4/24,66.17,66.65,66.66,65.62,15.63M,-0.80%
2020/4/27,66.91,66.6,67.57,65.48,26.48M,1.12%
2020/4/28,66.7,66.94,67.36,66.01,31.87M,-0.31%
2020/4/29,64.85,66.36,66.67,63.65,34.71M,-2.77%
2020/4/30,64.58,64.86,65.69,64.19,28.30M,-0.42%
2020/5/6,66.96,64.24,66.96,63.96,37.44M,3.68%
2020/5/7,67.08,67.05,67.59,66.39,17.94M,0.19%
2020/5/8,67.4,67.33,68.53,66.97,24.09M,0.47%
2020/5/11,65.06,67.15,67.21,64.85,47.43M,-3.47%
2020/5/12,66.28,65.06,66.34,64.94,26.33M,1.88%
2020/5/13,66.46,66.28,67.36,65.35,32.39M,0.27%
2020/5/14,67.5,66.29,68.06,65.76,32.06M,1.57%
2020/5/15,65.85,67.92,68.16,65.63,36.53M,-2.44%
2020/5/18,67.5,65.94,68.19,65.35,43.37M,2.50%
2020/5/19,68.01,68.75,69.42,67.58,26.69M,0.76%
2020/5/20,67.99,68.42,69.42,67.47,27.83M,-0.04%
2020/5/21,69.26,68.26,70.14,68.08,38.98M,1.88%
2020/5/22,66.58,69.28,69.36,66.24,40.96M,-3.87%
2020/5/25,67.46,67.17,68.11,66.71,23.92M,1.31%
2020/5/26,67.92,67.21,68.25,66.88,25.36M,0.68%
2020/5/27,66.56,67.61,67.61,65.34,37.37M,-2.00%
2020/5/28,65.42,66.42,66.61,64.44,27.83M,-1.72%
2020/5/29,65.58,65.08,66.12,64.83,20.78M,0.25%
2020/6/1,66.85,66.5,67.33,66.32,31.38M,1.93%
2020/6/2,67,66.89,67.17,66.27,21.13M,0.22%
2020/6/3,66.81,67.22,67.32,66.58,25.14M,-0.29%
2020/6/4,67.67,67.15,67.72,66.59,25.18M,1.28%
2020/6/5,68.58,67.67,68.6,67.02,22.29M,1.35%
2020/6/8,66.92,68.77,68.91,66.4,39.65M,-2.43%
2020/6/9,69.14,66.92,69.17,66.92,42.32M,3.33%
2020/6/10,70.45,69.17,71.25,68.78,38.30M,1.89%
2020/6/11,70.38,70.29,71.13,69.65,26.54M,-0.09%
2020/6/12,71.53,69.26,71.54,69.26,28.08M,1.63%
2020/6/15,70.2,70.92,72.17,70.07,30.57M,-1.86%
2020/6/16,72.62,70.92,73.01,70.48,32.91M,3.44%
2020/6/17,74.71,72.75,75.04,72.62,39.75M,2.88%
2020/6/18,74.42,74.67,74.97,72.98,25.79M,-0.39%
2020/6/19,77.48,74.58,77.77,74.42,40.14M,4.12%
2020/6/22,77.69,77.42,79.51,76.83,35.13M,0.27%
2020/6/23,78.75,76.89,78.75,76.67,30.54M,1.36%
2020/6/24,77.46,78.33,78.67,76.69,37.31M,-1.64%
2020/6/29,76.86,77,77.87,76.17,32.56M,-0.77%
2020/6/30,76.92,77.4,78,76.46,30.92M,0.08%
2020/7/1,75.87,77,77.13,74.42,50.48M,-1.35%
2020/7/2,76,75.82,76.46,75,41.43M,0.16%
2020/7/3,76.57,76.1,76.67,75.42,35.89M,0.75%
2020/7/6,77.61,76.67,77.83,75.96,59.58M,1.36%
2020/7/7,81.07,77.89,81.85,77.46,56.99M,4.47%
2020/7/8,80.88,81.64,83.13,80.05,43.05M,-0.24%
2020/7/9,82.09,80.92,82.68,80.51,33.92M,1.49%
2020/7/10,82.79,82.17,83.67,81.71,35.28M,0.85%
2020/7/13,83.18,82.98,84.07,82.54,38.85M,0.47%
2020/7/14,82.02,83.17,83.17,80.83,39.87M,-1.39%
2020/7/15,85.82,83.25,87.5,82.55,57.47M,4.63%
2020/7/16,80.29,86.08,86.8,80.22,57.07M,-6.45%
2020/7/17,80.27,79.92,81.57,79.17,44.00M,-0.02%
2020/7/20,80.41,80.38,81.32,78.52,30.76M,0.17%
2020/7/21,82.75,81.17,83.32,80.4,38.90M,2.91%
2020/7/22,82.81,82.49,84.22,81.22,36.15M,0.07%
2020/7/23,82.81,82.34,84.07,81.67,41.47M,0.00%
2020/7/24,78.99,81.76,82.32,78.33,53.30M,-4.61%
2020/7/27,79.49,78.98,80.8,78.74,29.98M,0.63%
2020/7/28,78.83,79.5,80.17,78.5,34.22M,-0.83%
2020/7/29,79.87,78.53,80.32,78.33,31.92M,1.32%
2020/7/30,79.14,79.88,80.24,78.84,32.76M,-0.92%
2020/7/31,78.65,79.06,79.57,76.53,67.20M,-0.62%
2020/8/3,77.67,77.25,78.12,76.25,76.80M,-1.25%
2020/8/4,78.32,77.92,79.85,77.87,48.89M,0.84%
2020/8/5,77.32,78.24,78.42,76.99,45.97M,-1.27%
2020/8/6,75.83,77.51,77.74,75.42,57.30M,-1.93%
2020/8/7,76,76.08,76.64,74.6,39.59M,0.22%
2020/8/10,75.66,76.1,76.32,74.77,34.55M,-0.45%
2020/8/11,76.48,76.22,77.6,76,42.10M,1.09%
2020/8/12,75.01,76.48,76.81,74.17,42.40M,-1.93%
2020/8/13,74.07,75.77,75.77,74,31.66M,-1.26%
2020/8/14,74.58,74.15,74.83,73.31,29.09M,0.70%
2020/8/17,75.75,74.98,76.24,74.32,41.24M,1.56%
2020/8/18,77.83,76,78.88,76,53.91M,2.75%
2020/8/19,77.27,78.17,79.05,77.1,39.32M,-0.72%
2020/8/20,76.42,77.27,77.78,76,24.37M,-1.11%
2020/8/21,76.5,77.57,78.04,75.67,24.68M,0.11%
2020/8/24,77.02,77.48,77.5,76.37,21.29M,0.68%
2020/8/25,78.32,77.49,78.87,77.33,29.98M,1.70%
2020/8/26,78.82,78.36,79.95,78.08,32.25M,0.63%
2020/8/27,78.42,78.82,79.07,77.16,25.57M,-0.50%
2020/8/28,79.49,77.75,79.58,77.42,33.79M,1.36%
2020/8/31,79.06,79.83,80.46,78.92,32.76M,-0.55%
2020/9/1,78.32,78.74,79.62,77.78,25.16M,-0.93%
2020/9/2,78.92,79.17,79.17,77.17,32.81M,0.76%
2020/9/3,79.17,78.92,79.9,78.23,23.63M,0.32%
2020/9/4,77.92,78.23,78.58,76.97,30.54M,-1.57%
2020/9/7,76.33,77.5,78.16,76.25,28.08M,-2.04%
2020/9/8,76.94,76.35,77.41,76,24.62M,0.80%
2020/9/9,75.25,76.28,76.72,74.58,25.30M,-2.20%
2020/9/10,75.62,76.25,76.63,75.26,19.52M,0.49%
2020/9/11,76.51,74.67,76.88,74.67,22.01M,1.18%
2020/9/14,76.13,76.75,76.98,76.1,18.58M,-0.49%
2020/9/15,75.92,76.08,76.11,75.02,17.87M,-0.28%
2020/9/16,74.78,76.17,76.58,74.67,23.42M,-1.49%
2020/9/17,71.91,74.23,74.7,71.67,50.77M,-3.84%
2020/9/18,74.15,72,74.15,71.85,35.73M,3.12%
2020/9/21,73.75,74,74.55,73.12,20.20M,-0.54%
2020/9/22,74.42,73.33,75.08,73.32,24.59M,0.90%
2020/9/23,74.87,74.54,75.42,74.04,18.62M,0.60%
2020/9/24,73.22,74.62,74.62,72.75,20.76M,-2.20%
2020/9/25,73.71,73.58,73.85,72.79,16.93M,0.67%
2020/9/28,73.82,73.74,74.64,73.42,17.48M,0.15%
2020/9/29,74.91,74.4,75.33,74.08,21.34M,1.48%
2020/9/30,74.85,75.32,76.65,74.58,28.12M,-0.08%
2020/10/9,76.62,76.67,77.03,75.71,23.49M,2.37%
2020/10/12,78.5,76.99,78.58,76.98,29.52M,2.45%
2020/10/13,78.08,78.5,78.91,77.59,22.44M,-0.53%
2020/10/14,77.5,77.91,78.39,77.3,25.31M,-0.75%
2020/10/15,77.63,77.5,78.04,77.13,21.36M,0.17%
2020/10/16,77.58,78.3,78.5,76.77,21.18M,-0.06%
2020/10/19,76.27,78.07,78.33,75.92,24.86M,-1.70%
2020/10/20,75.84,76.16,76.27,74.72,26.76M,-0.56%
2020/10/21,74.65,75.85,76,74.17,34.60M,-1.57%
2020/10/22,74.63,74.62,74.63,73.75,19.38M,-0.02%
2020/10/23,73.46,74.63,74.88,73.4,17.51M,-1.57%
2020/10/26,74.32,73.42,74.62,73,15.05M,1.17%
2020/10/27,74.36,74.3,74.79,73.59,18.29M,0.06%
2020/10/28,76.13,74.36,76.67,73.76,31.23M,2.39%
2020/10/29,75.87,75.57,76.67,74.83,28.62M,-0.35%
2020/10/30,74.03,75.97,76.16,73.61,36.42M,-2.42%
2020/11/2,74.36,73.82,74.58,73.17,25.70M,0.44%
2020/11/3,75.12,74.52,75.36,74.17,23.56M,1.03%
2020/11/4,75.14,75.16,75.42,74.65,16.77M,0.02%
2020/11/5,76,76.15,76.83,75.55,21.71M,1.14%
2020/11/6,74.07,76.42,76.49,73.33,38.37M,-2.53%
2020/11/9,74.47,74.23,74.95,73.84,37.78M,0.54%
2020/11/10,73.29,74.67,74.87,73.06,36.05M,-1.59%
2020/11/11,71.81,73.29,73.29,71.58,42.13M,-2.02%
2020/11/12,72.12,72.08,72.64,71.83,23.42M,0.44%
2020/11/13,71.25,72.17,72.28,70.98,35.33M,-1.21%
2020/11/16,71.36,71.75,71.96,70.78,24.46M,0.15%
2020/11/17,71.27,71.37,71.52,70.75,25.88M,-0.12%
2020/11/18,72.17,71.29,72.73,71.29,28.88M,1.26%
2020/11/19,72.75,72.5,73,72.08,21.62M,0.80%
2020/11/20,72.42,72.75,73.07,72.22,20.60M,-0.45%
2020/11/23,71.77,72.42,72.5,70.83,39.46M,-0.91%
2020/11/24,72.64,71.76,72.67,71.27,28.61M,1.22%
2020/11/25,71.77,72.64,72.77,71.58,24.03M,-1.19%
2020/11/26,71.67,72.32,72.47,70.91,18.73M,-0.15%
2020/11/27,72.46,71.57,72.49,70.86,19.46M,1.10%
2020/11/30,71.66,72.25,72.92,71.66,29.03M,-1.10%
2020/12/1,73.01,71.91,73.23,71.79,29.44M,1.88%
2020/12/2,72.94,73.17,73.23,72.47,19.16M,-0.09%
2020/12/3,74.99,73.17,75.08,73.02,38.61M,2.81%
2020/12/4,76.1,74.91,76.25,74.58,36.22M,1.48%
2020/12/7,74.9,76.48,76.48,74.42,28.79M,-1.58%
2020/12/8,75.06,75.63,75.66,74.75,17.47M,0.21%
2020/12/9,73.53,75.55,75.55,73.44,26.86M,-2.03%
2020/12/10,74.17,73.33,74.75,72.98,20.68M,0.86%
2020/12/11,74.58,74.67,75.69,73.83,31.08M,0.56%
2020/12/14,75.09,74.18,75.32,73.36,21.46M,0.68%
2020/12/15,80.85,75.1,81.07,75.1,92.59M,7.67%
2020/12/16,80.84,80.9,81.57,79.65,49.28M,-0.01%
2020/12/17,87.65,85,88.92,84.17,108.47M,8.42%
2020/12/18,88.05,88.17,89.54,87.02,55.66M,0.46%
2020/12/21,89.88,88.12,90.48,87.4,44.37M,2.08%
2020/12/22,88.5,89.83,90.82,88.33,34.18M,-1.54%
2020/12/23,88.33,89.49,90.12,87.79,35.88M,-0.19%
2020/12/24,90.67,88.75,92.59,88.42,34.00M,2.64%
2020/12/25,95.84,90.68,97.08,90.42,38.92M,5.71%
2020/12/28,92.5,96.67,97.04,91.67,47.32M,-3.49%
2020/12/29,90.23,93.18,93.86,88.37,45.36M,-2.45%
2020/12/30,93.92,90.82,94.49,90.67,43.46M,4.08%
2020/12/31,92.88,93.79,93.88,91.67,33.79M,-1.10%
2021/1/4,92.67,93.32,94.74,92.5,43.61M,-0.23%
2021/1/5,94.36,92.67,97.22,92.66,50.12M,1.83%
2021/1/6,94.77,94.37,96.56,93.33,34.04M,0.43%
2021/1/7,95.83,95.72,95.83,93.17,39.51M,1.13%
2021/1/8,94.35,95.93,97.39,93.46,36.92M,-1.55%
2021/1/11,92.75,93.6,95.12,91.67,32.64M,-1.70%
2021/1/12,95.08,92.74,95.43,91.67,34.37M,2.52%
2021/1/13,93.81,95.01,95.41,93.02,28.53M,-1.34%
2021/1/14,91.82,93.81,94.11,90.5,36.05M,-2.12%
2021/1/15,91.52,92.92,92.92,90.01,29.65M,-0.32%
2021/1/18,89.86,90.86,91.95,89.49,28.22M,-1.82%
2021/1/19,87.46,90.42,90.42,86.9,41.78M,-2.67%
2021/1/20,88.31,88.25,89.61,87.5,36.60M,0.97%
2021/1/21,90.12,88.33,90.67,87.82,45.95M,2.06%
2021/1/22,93.83,89.97,94.17,89.26,49.36M,4.11%
2021/1/25,92.87,93.98,94.69,91.25,46.55M,-1.02%
2021/1/26,89.17,92.12,92.73,88.96,40.77M,-3.99%
2021/1/27,88.85,89.75,90.15,87.92,27.63M,-0.36%
2021/1/28,87.22,88.79,89.99,86.15,33.93M,-1.84%
2021/1/29,86.47,86.87,87.6,84.17,39.27M,-0.86%
2021/2/1,85.46,85.38,86.74,84.17,30.09M,-1.17%
2021/2/2,88.33,86.42,89.17,85.04,37.43M,3.36%
2021/2/3,87.5,88.28,89.12,87.1,25.89M,-0.94%
2021/2/4,85.67,86.67,87,84.59,34.26M,-2.10%
2021/2/5,89.42,86.62,90.24,85.42,45.69M,4.38%
2021/2/8,88.57,89.42,91.12,88.21,44.82M,-0.95%
2021/2/9,91.45,89.79,92.35,88.17,40.96M,3.26%
2021/2/10,91,91,92.29,89.27,41.24M,-0.49%
2021/2/18,87.42,92.83,92.83,87.08,54.05M,-3.94%
2021/2/19,87.63,87.14,88.15,85.67,34.39M,0.25%
2021/2/22,83.34,88.67,88.67,83.33,54.75M,-4.90%
2021/2/23,83.92,82.78,84.97,82.5,30.59M,0.69%
2021/2/24,83.08,84.16,84.17,82.17,38.14M,-0.99%
2021/2/25,84.21,83.33,85.2,82.62,37.93M,1.35%
2021/2/26,84.83,82.51,86.38,82.51,42.00M,0.74%
2021/3/1,83.59,85.67,85.67,82.76,36.64M,-1.46%
2021/3/2,81.96,83.59,84.01,81.25,36.50M,-1.95%
2021/3/3,84.46,82.08,84.57,81.28,31.76M,3.05%
2021/3/4,83.75,83.48,84.46,82.16,30.10M,-0.84%
2021/3/5,83.58,82.1,84.27,82.07,27.40M,-0.20%
2021/3/8,76.77,83.92,84.62,76.42,55.45M,-8.16%
2021/3/9,76.48,77.4,78.91,74.49,51.56M,-0.37%
2021/3/10,77.83,78.32,78.77,77.12,29.06M,1.77%
2021/3/11,77.9,78.32,79.07,77.08,32.70M,0.09%
2021/3/12,76.82,78.75,79.42,76.32,27.50M,-1.38%
2021/3/15,74.66,75.94,76.71,73.81,36.15M,-2.82%
2021/3/16,74.32,75.42,75.65,73.42,28.85M,-0.45%
2021/3/17,73.85,74.33,74.8,72.98,30.10M,-0.64%
2021/3/18,74.34,74.17,75.41,73.58,37.34M,0.67%
2021/3/19,73.37,73.33,74.12,72.67,26.94M,-1.30%
2021/3/22,73.42,73.37,75.24,73,30.58M,0.07%
2021/3/23,73.04,72.55,73.71,72.51,29.22M,-0.52%
2021/3/24,72.1,73.04,73.5,71.46,24.14M,-1.29%
2021/3/25,72.69,71.42,73.22,70.91,26.08M,0.82%
2021/3/26,76.02,72.99,76.75,72.82,45.39M,4.57%
2021/3/29,75.44,76.08,76.58,75.11,29.96M,-0.76%
2021/3/30,78,75.3,78.07,75,35.56M,3.39%
2021/3/31,76.74,77.67,77.67,75.84,22.57M,-1.61%
2021/4/1,78.21,76.33,78.75,76.33,23.13M,1.91%
2021/4/2,77.23,78.33,79.03,76.57,23.76M,-1.25%
2021/4/6,75.75,77,77.02,75.55,20.37M,-1.92%
2021/4/7,75.57,76,76.08,74.78,20.29M,-0.24%
2021/4/8,77.03,75.25,77.37,74.75,22.17M,1.94%
2021/4/9,76,77.5,77.67,75.42,21.59M,-1.34%
2021/4/12,74.61,75.71,76.65,74.07,25.61M,-1.83%
2021/4/13,74.15,74.49,75.25,73.05,26.86M,-0.61%
2021/4/14,71.27,74.54,74.54,68.52,110.70M,-3.89%
2021/4/15,68.48,70.43,70.48,68.38,71.84M,-3.91%
2021/4/16,67.18,68.62,68.62,66.09,63.46M,-1.90%
2021/4/19,68.41,67.25,68.51,66.25,63.55M,1.82%
2021/4/20,66.92,68.24,68.24,66.17,89.09M,-2.17%
2021/4/21,69.32,66.82,69.47,66.34,82.57M,3.57%
2021/4/22,68.5,68.9,69.08,68.17,44.22M,-1.18%
2021/4/23,69.17,69.08,69.98,68.33,56.24M,0.97%
2021/4/26,67.93,69.32,70.47,67.82,65.10M,-1.78%
2021/4/27,69.21,67.95,69.32,67.37,40.32M,1.88%
2021/4/28,69.05,69.25,69.48,68.25,32.60M,-0.23%
2021/4/29,68.62,69.16,69.25,68.17,38.10M,-0.62%
2021/4/30,70.08,69.17,71.08,68.67,61.60M,2.13%
2021/5/6,68.43,70.08,71.08,68.34,50.57M,-2.35%
2021/5/7,66.66,68.43,68.62,66.66,44.53M,-2.59%
2021/5/10,66.94,66.58,67.4,65.01,30.38M,0.43%
2021/5/11,69.76,66.25,69.83,66.12,46.56M,4.21%
2021/5/12,69.32,69.69,69.95,68.75,29.22M,-0.63%
2021/5/13,68.11,68.85,69.09,67.61,29.71M,-1.74%
2021/5/14,69.86,68.59,70.17,67.84,41.69M,2.57%
2021/5/17,71.15,70.33,72.21,70.3,42.99M,1.85%
2021/5/18,71.44,71.17,71.95,70.45,22.99M,0.41%
2021/5/19,70.87,71.42,71.42,70.42,20.06M,-0.79%
2021/5/20,69.76,70.97,71.12,69.42,41.66M,-1.58%
2021/5/21,68.47,70.04,71.04,68.33,43.95M,-1.84%
2021/5/24,69.47,68.26,69.47,67.42,33.53M,1.45%
2021/5/25,71.87,69.46,72.22,69.37,55.73M,3.47%
2021/5/26,71.91,72.57,72.89,71.36,50.10M,0.05%
2021/5/27,71.92,71.63,72.42,70.95,39.16M,0.02%
2021/5/28,71.54,72.41,72.77,71.05,38.55M,-0.53%
2021/5/31,71.92,71.42,71.98,70.84,31.14M,0.52%
2021/6/1,72.89,71.99,72.92,71.33,47.10M,1.36%
2021/6/2,70.3,72.92,73.12,69.67,62.92M,-3.56%
2021/6/3,68.82,69.61,69.92,68.8,49.69M,-2.11%
2021/6/4,68.87,68.39,69.57,68.07,40.17M,0.08%
2021/6/7,68.7,68.75,68.77,67.71,30.36M,-0.25%
2021/6/8,69.15,69.04,70.27,68.84,35.74M,0.66%
2021/6/9,70.12,69.24,70.42,69.24,30.79M,1.41%
2021/6/10,73,71.01,75.46,70.12,61.78M,4.10%
2021/6/11,72.96,73.1,73.45,71.1,44.82M,-0.05%
2021/6/15,71.88,72.96,74.15,71.55,43.84M,-1.48%
2021/6/16,70.81,71.88,72.4,70.5,28.04M,-1.49%
2021/6/17,71.15,70.84,71.29,70.16,23.35M,0.48%
2021/6/18,71.44,71.5,72.45,70.83,31.06M,0.41%
2021/6/21,69.51,71.2,71.2,69.11,45.29M,-2.70%
2021/6/22,70.48,69.51,70.49,69,43.61M,1.40%
2021/6/23,71.15,70.57,72.46,70.55,57.22M,0.95%
2021/6/24,68,69.99,69.99,67.87,77.21M,-4.43%
2021/6/25,68.06,67.67,68.44,66.98,53.72M,0.09%
2021/6/28,68.6,68.06,68.6,67.5,41.11M,0.79%
